907,0,0.0775557461009495,0,7d28bf6a69a6398a187e5c2c47cfdcba
3679,0,0.18159507396420693,0,7d28bf6a69a6398a187e5c2c47cfdcba
3167,0,0.12069084796470375,0,7d28bf6a69a6398a187e5c2c47cfdcba
1628,0,0.1119721880623371,1,7d28bf6a69a6398a187e5c2c47cfdcba
102,0,0.3405626788530278,1,7d28bf6a69a6398a187e5c2c47cfdcba
1866,0,0.30629792780012505,0,7d28bf6a69a6398a187e5c2c47cfdcba
4653,1,0.5278352200034485,0,7d28bf6a69a6398a187e5c2c47cfdcba
1884,0,0.05505513459504642,0,7d28bf6a69a6398a187e5c2c47cfdcba
4518,0,0.14605640478138798,0,7d28bf6a69a6398a187e5c2c47cfdcba
1416,0,0.10674045884731231,1,7d28bf6a69a6398a187e5c2c47cfdcba
1155,0,0.1607955664300942,1,7d28bf6a69a6398a187e5c2c47cfdcba
2326,0,0.3785961657864533,0,7d28bf6a69a6398a187e5c2c47cfdcba
2144,0,0.07284306137783668,0,7d28bf6a69a6398a187e5c2c47cfdcba
2233,0,0.3455024622145422,0,7d28bf6a69a6398a187e5c2c47cfdcba
2704,0,0.17009077121130925,0,7d28bf6a69a6398a187e5c2c47cfdcba
208,0,0.32471036976142315,0,7d28bf6a69a6398a187e5c2c47cfdcba
1193,0,0.21114787591596615,0,7d28bf6a69a6398a187e5c2c47cfdcba
3756,0,0.3105300583488288,0,7d28bf6a69a6398a187e5c2c47cfdcba
4631,0,0.09962842907861928,0,7d28bf6a69a6398a187e5c2c47cfdcba
724,0,0.12909340313221007,0,7d28bf6a69a6398a187e5c2c47cfdcba
1007,1,0.7696374031240092,1,7d28bf6a69a6398a187e5c2c47cfdcba
19,0,0.11972344837691078,0,7d28bf6a69a6398a187e5c2c47cfdcba
3198,0,0.13001677533418013,0,7d28bf6a69a6398a187e5c2c47cfdcba
2516,0,0.37329497540505885,0,7d28bf6a69a6398a187e5c2c47cfdcba
1316,0,0.25625015025471554,0,7d28bf6a69a6398a187e5c2c47cfdcba
54,0,0.19520945291865419,0,7d28bf6a69a6398a187e5c2c47cfdcba
3261,0,0.10410073238053341,0,7d28bf6a69a6398a187e5c2c47cfdcba
1859,0,0.0844454267953854,0,7d28bf6a69a6398a187e5c2c47cfdcba
2295,0,0.2564009129024897,0,7d28bf6a69a6398a187e5c2c47cfdcba
1088,0,0.1120643419699427,0,7d28bf6a69a6398a187e5c2c47cfdcba
4227,0,0.11703922102981282,1,7d28bf6a69a6398a187e5c2c47cfdcba
4330,0,0.4078441877874149,1,7d28bf6a69a6398a187e5c2c47cfdcba
4485,0,0.47832404528976247,1,7d28bf6a69a6398a187e5c2c47cfdcba
2313,0,0.27960464282234515,0,7d28bf6a69a6398a187e5c2c47cfdcba
1537,0,0.1590994129274186,0,7d28bf6a69a6398a187e5c2c47cfdcba
4020,0,0.21581631326743633,0,7d28bf6a69a6398a187e5c2c47cfdcba
3185,0,0.13111835979840117,0,7d28bf6a69a6398a187e5c2c47cfdcba
4135,0,0.06947939483968507,0,7d28bf6a69a6398a187e5c2c47cfdcba
750,0,0.04657359310221608,0,7d28bf6a69a6398a187e5c2c47cfdcba
3656,0,0.41195311831514225,0,7d28bf6a69a6398a187e5c2c47cfdcba
1126,0,0.2741471729890748,0,7d28bf6a69a6398a187e5c2c47cfdcba
2130,0,0.07559775591592119,0,7d28bf6a69a6398a187e5c2c47cfdcba
2170,0,0.26768192115662276,0,7d28bf6a69a6398a187e5c2c47cfdcba
4415,0,0.29810091506533276,1,7d28bf6a69a6398a187e5c2c47cfdcba
3744,0,0.053864309444763316,0,7d28bf6a69a6398a187e5c2c47cfdcba
2037,0,0.08007407498812354,0,7d28bf6a69a6398a187e5c2c47cfdcba
2979,1,0.5112075039182183,0,7d28bf6a69a6398a187e5c2c47cfdcba
2662,0,0.19723759941039257,0,7d28bf6a69a6398a187e5c2c47cfdcba
1350,0,0.19520872704421946,0,7d28bf6a69a6398a187e5c2c47cfdcba
2482,0,0.07199146767561448,0,7d28bf6a69a6398a187e5c2c47cfdcba
1568,0,0.48008603877705675,0,7d28bf6a69a6398a187e5c2c47cfdcba
3991,0,0.15470373304252263,0,7d28bf6a69a6398a187e5c2c47cfdcba
3671,0,0.18418201503219006,0,7d28bf6a69a6398a187e5c2c47cfdcba
1345,0,0.45202957613325545,0,7d28bf6a69a6398a187e5c2c47cfdcba
3420,1,0.8674392587032683,1,7d28bf6a69a6398a187e5c2c47cfdcba
4265,0,0.4947180488773238,0,7d28bf6a69a6398a187e5c2c47cfdcba
3926,0,0.2692792636755,1,7d28bf6a69a6398a187e5c2c47cfdcba
1558,0,0.16157060808366938,0,7d28bf6a69a6398a187e5c2c47cfdcba
2737,0,0.1495651496374712,0,7d28bf6a69a6398a187e5c2c47cfdcba
1146,0,0.09147570214456234,0,7d28bf6a69a6398a187e5c2c47cfdcba
3117,0,0.05541815464414775,0,7d28bf6a69a6398a187e5c2c47cfdcba
2262,1,0.8033864726942685,1,7d28bf6a69a6398a187e5c2c47cfdcba
193,0,0.08635875625567775,0,7d28bf6a69a6398a187e5c2c47cfdcba
3820,0,0.09897954805262282,0,7d28bf6a69a6398a187e5c2c47cfdcba
38,0,0.13111289059248377,0,7d28bf6a69a6398a187e5c2c47cfdcba
640,0,0.08466747370256215,0,7d28bf6a69a6398a187e5c2c47cfdcba
4123,0,0.36359230371656004,0,7d28bf6a69a6398a187e5c2c47cfdcba
2698,0,0.23411026632784043,1,7d28bf6a69a6398a187e5c2c47cfdcba
3370,0,0.07825817505519798,0,7d28bf6a69a6398a187e5c2c47cfdcba
1076,0,0.09081350819463826,0,7d28bf6a69a6398a187e5c2c47cfdcba
2844,0,0.18401860354948582,0,7d28bf6a69a6398a187e5c2c47cfdcba
1401,0,0.3122572815327658,1,7d28bf6a69a6398a187e5c2c47cfdcba
4658,1,0.5723391901084738,0,7d28bf6a69a6398a187e5c2c47cfdcba
339,0,0.2075224118578866,0,7d28bf6a69a6398a187e5c2c47cfdcba
1528,0,0.15915346366597455,0,7d28bf6a69a6398a187e5c2c47cfdcba
2363,0,0.07856164575456746,0,7d28bf6a69a6398a187e5c2c47cfdcba
4061,0,0.28659552052894066,0,7d28bf6a69a6398a187e5c2c47cfdcba
2207,0,0.06342588861988663,0,7d28bf6a69a6398a187e5c2c47cfdcba
293,0,0.2338156211253293,1,7d28bf6a69a6398a187e5c2c47cfdcba
2366,0,0.04795177316312522,0,7d28bf6a69a6398a187e5c2c47cfdcba
1676,0,0.060822965632312716,0,7d28bf6a69a6398a187e5c2c47cfdcba
2765,0,0.4302812037288493,1,7d28bf6a69a6398a187e5c2c47cfdcba
1113,0,0.12875666735862465,0,7d28bf6a69a6398a187e5c2c47cfdcba
763,0,0.08392055644967557,0,7d28bf6a69a6398a187e5c2c47cfdcba
2238,0,0.11323648061090748,0,7d28bf6a69a6398a187e5c2c47cfdcba
4874,0,0.13118763672977535,0,7d28bf6a69a6398a187e5c2c47cfdcba
978,0,0.05403748074207269,0,7d28bf6a69a6398a187e5c2c47cfdcba
3597,0,0.08090000806478588,0,7d28bf6a69a6398a187e5c2c47cfdcba
4041,0,0.10582549269970876,0,7d28bf6a69a6398a187e5c2c47cfdcba
3423,0,0.23427089160731815,1,7d28bf6a69a6398a187e5c2c47cfdcba
4091,0,0.306528276558564,0,7d28bf6a69a6398a187e5c2c47cfdcba
2168,0,0.0626200003486688,0,7d28bf6a69a6398a187e5c2c47cfdcba
1661,0,0.10540864032155353,0,7d28bf6a69a6398a187e5c2c47cfdcba
3795,0,0.2113294030328472,1,7d28bf6a69a6398a187e5c2c47cfdcba
4779,0,0.05706901660605857,1,7d28bf6a69a6398a187e5c2c47cfdcba
3709,0,0.1568010405324238,0,7d28bf6a69a6398a187e5c2c47cfdcba
811,0,0.06542067547002928,1,7d28bf6a69a6398a187e5c2c47cfdcba
3182,0,0.11750563987307563,0,7d28bf6a69a6398a187e5c2c47cfdcba
2582,0,0.07853852795309656,0,7d28bf6a69a6398a187e5c2c47cfdcba
4725,0,0.09089733826694055,0,7d28bf6a69a6398a187e5c2c47cfdcba
479,0,0.09215768571397609,0,7d28bf6a69a6398a187e5c2c47cfdcba
1227,0,0.04804924278027879,0,7d28bf6a69a6398a187e5c2c47cfdcba
3242,0,0.47923939807878735,0,7d28bf6a69a6398a187e5c2c47cfdcba
974,0,0.10706959143450998,0,7d28bf6a69a6398a187e5c2c47cfdcba
3101,0,0.06248501693551236,0,7d28bf6a69a6398a187e5c2c47cfdcba
1295,0,0.09118168531373777,0,7d28bf6a69a6398a187e5c2c47cfdcba
726,0,0.24079465479357942,0,7d28bf6a69a6398a187e5c2c47cfdcba
3588,0,0.10981680776116798,0,7d28bf6a69a6398a187e5c2c47cfdcba
1421,0,0.08864003489630619,0,7d28bf6a69a6398a187e5c2c47cfdcba
870,1,0.6492267184651428,0,7d28bf6a69a6398a187e5c2c47cfdcba
3406,1,0.5274551739179177,1,7d28bf6a69a6398a187e5c2c47cfdcba
3874,0,0.14489972759292985,0,7d28bf6a69a6398a187e5c2c47cfdcba
3914,0,0.13933050052724688,0,7d28bf6a69a6398a187e5c2c47cfdcba
3978,0,0.14198092497741618,0,7d28bf6a69a6398a187e5c2c47cfdcba
3112,0,0.21449143114309469,1,7d28bf6a69a6398a187e5c2c47cfdcba
4823,0,0.09848281595190286,0,7d28bf6a69a6398a187e5c2c47cfdcba
4230,0,0.269981554816088,1,7d28bf6a69a6398a187e5c2c47cfdcba
1008,0,0.10026908322591004,0,7d28bf6a69a6398a187e5c2c47cfdcba
4688,0,0.13236630182094547,1,7d28bf6a69a6398a187e5c2c47cfdcba
1228,0,0.1212231636174546,0,7d28bf6a69a6398a187e5c2c47cfdcba
4050,0,0.08677348517949889,0,7d28bf6a69a6398a187e5c2c47cfdcba
2456,0,0.06287297290703953,0,7d28bf6a69a6398a187e5c2c47cfdcba
434,0,0.16292662448531586,0,7d28bf6a69a6398a187e5c2c47cfdcba
4055,0,0.16181072401570198,0,7d28bf6a69a6398a187e5c2c47cfdcba
2267,1,0.7614862190813023,1,7d28bf6a69a6398a187e5c2c47cfdcba
4906,0,0.39238652777859007,1,7d28bf6a69a6398a187e5c2c47cfdcba
3878,0,0.2499215335855712,0,7d28bf6a69a6398a187e5c2c47cfdcba
2320,0,0.14094179088680756,0,7d28bf6a69a6398a187e5c2c47cfdcba
2136,0,0.2554213391292883,0,7d28bf6a69a6398a187e5c2c47cfdcba
2113,0,0.10276741101843757,0,7d28bf6a69a6398a187e5c2c47cfdcba
2861,0,0.1304491212831673,0,7d28bf6a69a6398a187e5c2c47cfdcba
2914,0,0.12621768174596096,1,7d28bf6a69a6398a187e5c2c47cfdcba
2279,0,0.17006739131328416,1,7d28bf6a69a6398a187e5c2c47cfdcba
4780,0,0.1824760951490003,1,7d28bf6a69a6398a187e5c2c47cfdcba
2316,0,0.19563432252301693,0,7d28bf6a69a6398a187e5c2c47cfdcba
3641,1,0.7766996037679834,0,7d28bf6a69a6398a187e5c2c47cfdcba
2529,1,0.5878172033101658,0,7d28bf6a69a6398a187e5c2c47cfdcba
3615,0,0.16135788308316595,0,7d28bf6a69a6398a187e5c2c47cfdcba
561,0,0.11480949406372082,0,7d28bf6a69a6398a187e5c2c47cfdcba
4360,0,0.10426121039308703,0,7d28bf6a69a6398a187e5c2c47cfdcba
205,0,0.23774564255203773,0,7d28bf6a69a6398a187e5c2c47cfdcba
1682,1,0.5961959384932796,0,7d28bf6a69a6398a187e5c2c47cfdcba
4513,0,0.054633120389549816,0,7d28bf6a69a6398a187e5c2c47cfdcba
1516,0,0.3502472271314832,0,7d28bf6a69a6398a187e5c2c47cfdcba
4128,0,0.41721362827094344,1,7d28bf6a69a6398a187e5c2c47cfdcba
3476,0,0.050239871227958144,0,7d28bf6a69a6398a187e5c2c47cfdcba
4754,0,0.41855776975636744,0,7d28bf6a69a6398a187e5c2c47cfdcba
4374,0,0.2876746215231985,0,7d28bf6a69a6398a187e5c2c47cfdcba
2395,0,0.08301947888227532,0,7d28bf6a69a6398a187e5c2c47cfdcba
2656,0,0.13371391249907869,0,7d28bf6a69a6398a187e5c2c47cfdcba
3193,0,0.1368317885282247,1,7d28bf6a69a6398a187e5c2c47cfdcba
658,0,0.19123801546479002,1,7d28bf6a69a6398a187e5c2c47cfdcba
2638,0,0.05294254456963463,0,7d28bf6a69a6398a187e5c2c47cfdcba
1619,0,0.048244715148750617,0,7d28bf6a69a6398a187e5c2c47cfdcba
2291,1,0.599332157909861,0,7d28bf6a69a6398a187e5c2c47cfdcba
3660,0,0.26821778357056314,0,7d28bf6a69a6398a187e5c2c47cfdcba
89,0,0.42818695109349386,0,7d28bf6a69a6398a187e5c2c47cfdcba
3181,0,0.07867634759119511,1,7d28bf6a69a6398a187e5c2c47cfdcba
644,1,0.5332106627235687,0,7d28bf6a69a6398a187e5c2c47cfdcba
760,0,0.3336113414354164,1,7d28bf6a69a6398a187e5c2c47cfdcba
1050,0,0.08339074290225267,0,7d28bf6a69a6398a187e5c2c47cfdcba
2225,1,0.6965213869756537,1,7d28bf6a69a6398a187e5c2c47cfdcba
823,0,0.10652569074583834,0,7d28bf6a69a6398a187e5c2c47cfdcba
4616,0,0.08707737158540195,0,7d28bf6a69a6398a187e5c2c47cfdcba
1234,0,0.456278382482234,0,7d28bf6a69a6398a187e5c2c47cfdcba
4321,0,0.16430745028353338,0,7d28bf6a69a6398a187e5c2c47cfdcba
3192,0,0.17853850508658917,0,7d28bf6a69a6398a187e5c2c47cfdcba
1893,0,0.3638084847930034,0,7d28bf6a69a6398a187e5c2c47cfdcba
4752,0,0.05568760664579934,0,7d28bf6a69a6398a187e5c2c47cfdcba
754,0,0.1473102472557128,0,7d28bf6a69a6398a187e5c2c47cfdcba
1520,0,0.23815489512396343,0,7d28bf6a69a6398a187e5c2c47cfdcba
4407,0,0.3106669244560308,0,7d28bf6a69a6398a187e5c2c47cfdcba
707,0,0.12972046477954347,0,7d28bf6a69a6398a187e5c2c47cfdcba
143,0,0.4028532078553175,0,7d28bf6a69a6398a187e5c2c47cfdcba
785,0,0.2211220841023436,1,7d28bf6a69a6398a187e5c2c47cfdcba
2050,0,0.16592807348455874,0,7d28bf6a69a6398a187e5c2c47cfdcba
2680,0,0.1654317004123262,0,7d28bf6a69a6398a187e5c2c47cfdcba
4728,1,0.571702804904229,0,7d28bf6a69a6398a187e5c2c47cfdcba
1864,1,0.5359383928256387,1,7d28bf6a69a6398a187e5c2c47cfdcba
2156,0,0.10783450755055744,0,7d28bf6a69a6398a187e5c2c47cfdcba
2862,0,0.4418504976989606,0,7d28bf6a69a6398a187e5c2c47cfdcba
3741,0,0.20737812301149194,0,7d28bf6a69a6398a187e5c2c47cfdcba
1121,0,0.11866601269814371,0,7d28bf6a69a6398a187e5c2c47cfdcba
171,0,0.30305949066489823,1,7d28bf6a69a6398a187e5c2c47cfdcba
412,0,0.08693617128437495,0,7d28bf6a69a6398a187e5c2c47cfdcba
3703,0,0.1298338336743138,0,7d28bf6a69a6398a187e5c2c47cfdcba
416,0,0.23983662483535365,1,7d28bf6a69a6398a187e5c2c47cfdcba
3415,0,0.11163587927898384,0,7d28bf6a69a6398a187e5c2c47cfdcba
3775,0,0.056746038923372884,0,7d28bf6a69a6398a187e5c2c47cfdcba
1294,0,0.2477822368002934,1,7d28bf6a69a6398a187e5c2c47cfdcba
4176,1,0.5386741993915972,1,7d28bf6a69a6398a187e5c2c47cfdcba
4723,0,0.05314874533467081,0,7d28bf6a69a6398a187e5c2c47cfdcba
3248,0,0.10802579040234073,0,7d28bf6a69a6398a187e5c2c47cfdcba
364,0,0.07010231196136442,0,7d28bf6a69a6398a187e5c2c47cfdcba
3401,0,0.1913529088607365,0,7d28bf6a69a6398a187e5c2c47cfdcba
2398,0,0.12617288504458984,0,7d28bf6a69a6398a187e5c2c47cfdcba
1439,1,0.6998765514570496,0,7d28bf6a69a6398a187e5c2c47cfdcba
740,0,0.09772986834141358,0,7d28bf6a69a6398a187e5c2c47cfdcba
73,0,0.06104357210817113,0,7d28bf6a69a6398a187e5c2c47cfdcba
4435,0,0.09092914942769934,0,7d28bf6a69a6398a187e5c2c47cfdcba
4491,0,0.20002830983479913,1,7d28bf6a69a6398a187e5c2c47cfdcba
1265,0,0.14703207246342348,0,7d28bf6a69a6398a187e5c2c47cfdcba
2208,0,0.07561372724864744,0,7d28bf6a69a6398a187e5c2c47cfdcba
2360,0,0.39012313062122284,0,7d28bf6a69a6398a187e5c2c47cfdcba
1988,0,0.34401970041552005,0,7d28bf6a69a6398a187e5c2c47cfdcba
4138,0,0.12380716253359846,0,7d28bf6a69a6398a187e5c2c47cfdcba
4543,0,0.37714427545668916,0,7d28bf6a69a6398a187e5c2c47cfdcba
2426,0,0.0636887994370324,0,7d28bf6a69a6398a187e5c2c47cfdcba
4946,0,0.367537405548939,1,7d28bf6a69a6398a187e5c2c47cfdcba
1492,0,0.08057697418559258,0,7d28bf6a69a6398a187e5c2c47cfdcba
2202,0,0.08344773471651241,0,7d28bf6a69a6398a187e5c2c47cfdcba
1216,0,0.1480911925705606,0,7d28bf6a69a6398a187e5c2c47cfdcba
4477,0,0.20229086833293375,0,7d28bf6a69a6398a187e5c2c47cfdcba
4329,0,0.4140241505599883,0,7d28bf6a69a6398a187e5c2c47cfdcba
3545,0,0.16013686023408122,0,7d28bf6a69a6398a187e5c2c47cfdcba
2099,0,0.061184727833582614,0,7d28bf6a69a6398a187e5c2c47cfdcba
1565,0,0.11442744107611003,0,7d28bf6a69a6398a187e5c2c47cfdcba
2978,0,0.15660773884880502,0,7d28bf6a69a6398a187e5c2c47cfdcba
1998,0,0.18554760141040547,0,7d28bf6a69a6398a187e5c2c47cfdcba
3159,1,0.6845881720142941,1,7d28bf6a69a6398a187e5c2c47cfdcba
3972,0,0.03769595881483833,0,7d28bf6a69a6398a187e5c2c47cfdcba
2356,0,0.27011347454047085,0,7d28bf6a69a6398a187e5c2c47cfdcba
3049,0,0.3739639189050816,0,7d28bf6a69a6398a187e5c2c47cfdcba
631,0,0.3820190217152717,1,7d28bf6a69a6398a187e5c2c47cfdcba
2191,0,0.0543397064357536,0,7d28bf6a69a6398a187e5c2c47cfdcba
3013,0,0.13713129210412606,1,7d28bf6a69a6398a187e5c2c47cfdcba
4994,0,0.21997692384981665,1,7d28bf6a69a6398a187e5c2c47cfdcba
4713,0,0.09605730384841812,0,7d28bf6a69a6398a187e5c2c47cfdcba
1080,1,0.7032223526381206,1,7d28bf6a69a6398a187e5c2c47cfdcba
1405,0,0.10097807147889994,0,7d28bf6a69a6398a187e5c2c47cfdcba
632,0,0.10801680868280694,0,7d28bf6a69a6398a187e5c2c47cfdcba
1456,0,0.39922878206202683,1,7d28bf6a69a6398a187e5c2c47cfdcba
2035,0,0.11629720354315014,0,7d28bf6a69a6398a187e5c2c47cfdcba
3753,0,0.11410702895796668,0,7d28bf6a69a6398a187e5c2c47cfdcba
1851,1,0.5873763912439617,1,7d28bf6a69a6398a187e5c2c47cfdcba
4587,0,0.06325546932323413,0,7d28bf6a69a6398a187e5c2c47cfdcba
3003,0,0.21655214359283406,0,7d28bf6a69a6398a187e5c2c47cfdcba
3627,1,0.5443662941018168,1,7d28bf6a69a6398a187e5c2c47cfdcba
1802,0,0.17166623920645754,0,7d28bf6a69a6398a187e5c2c47cfdcba
2229,0,0.21018809065550031,1,7d28bf6a69a6398a187e5c2c47cfdcba
3670,1,0.74728647114706,0,7d28bf6a69a6398a187e5c2c47cfdcba
178,0,0.2037068090264553,1,7d28bf6a69a6398a187e5c2c47cfdcba
498,1,0.5697080460414822,0,7d28bf6a69a6398a187e5c2c47cfdcba
2388,0,0.2386716536478017,1,7d28bf6a69a6398a187e5c2c47cfdcba
484,1,0.6034689487309952,0,7d28bf6a69a6398a187e5c2c47cfdcba
4261,0,0.10365872724737227,0,7d28bf6a69a6398a187e5c2c47cfdcba
4620,0,0.38603024218972093,0,7d28bf6a69a6398a187e5c2c47cfdcba
4459,0,0.2894728826801348,0,7d28bf6a69a6398a187e5c2c47cfdcba
2246,0,0.08631366785047587,0,7d28bf6a69a6398a187e5c2c47cfdcba
3613,0,0.08696064238999418,0,7d28bf6a69a6398a187e5c2c47cfdcba
3935,0,0.15038561127039496,0,7d28bf6a69a6398a187e5c2c47cfdcba
4401,1,0.5020971585112887,0,7d28bf6a69a6398a187e5c2c47cfdcba
877,0,0.09738913497426219,0,7d28bf6a69a6398a187e5c2c47cfdcba
1166,0,0.12211513638859253,0,7d28bf6a69a6398a187e5c2c47cfdcba
1689,0,0.08378492807746198,0,7d28bf6a69a6398a187e5c2c47cfdcba
1340,1,0.6555916934217815,1,7d28bf6a69a6398a187e5c2c47cfdcba
4250,0,0.2056099929028468,0,7d28bf6a69a6398a187e5c2c47cfdcba
273,0,0.12451062512874775,0,7d28bf6a69a6398a187e5c2c47cfdcba
3387,0,0.07666955312532402,1,7d28bf6a69a6398a187e5c2c47cfdcba
4810,0,0.12879355653721564,0,7d28bf6a69a6398a187e5c2c47cfdcba
759,0,0.0747867503868871,0,7d28bf6a69a6398a187e5c2c47cfdcba
2218,0,0.4091230040507049,1,7d28bf6a69a6398a187e5c2c47cfdcba
1597,0,0.1617207860788004,0,7d28bf6a69a6398a187e5c2c47cfdcba
1356,0,0.05594590670312924,0,7d28bf6a69a6398a187e5c2c47cfdcba
2821,0,0.0787853778992489,0,7d28bf6a69a6398a187e5c2c47cfdcba
3721,0,0.05650638053433625,0,7d28bf6a69a6398a187e5c2c47cfdcba
4539,0,0.16776374785543596,0,7d28bf6a69a6398a187e5c2c47cfdcba
1249,0,0.07000144204957388,0,7d28bf6a69a6398a187e5c2c47cfdcba
3094,0,0.18914438041794948,0,7d28bf6a69a6398a187e5c2c47cfdcba
1598,1,0.8707551699583115,1,7d28bf6a69a6398a187e5c2c47cfdcba
992,0,0.26602701991379474,0,7d28bf6a69a6398a187e5c2c47cfdcba
2093,0,0.033263982016130386,0,7d28bf6a69a6398a187e5c2c47cfdcba
3345,0,0.1450525662253098,1,7d28bf6a69a6398a187e5c2c47cfdcba
2515,0,0.24828084524123825,0,7d28bf6a69a6398a187e5c2c47cfdcba
3178,0,0.09817970977972224,0,7d28bf6a69a6398a187e5c2c47cfdcba
4068,0,0.4782814944419698,0,7d28bf6a69a6398a187e5c2c47cfdcba
1274,0,0.16205707222296398,0,7d28bf6a69a6398a187e5c2c47cfdcba
1843,0,0.11869836625501863,0,7d28bf6a69a6398a187e5c2c47cfdcba
4273,0,0.1291708841891408,1,7d28bf6a69a6398a187e5c2c47cfdcba
1466,0,0.25215435587623347,0,7d28bf6a69a6398a187e5c2c47cfdcba
3544,0,0.057224339497398205,1,7d28bf6a69a6398a187e5c2c47cfdcba
319,0,0.4757535649144028,1,7d28bf6a69a6398a187e5c2c47cfdcba
184,0,0.38624421994300884,1,7d28bf6a69a6398a187e5c2c47cfdcba
4167,0,0.35897014301089963,0,7d28bf6a69a6398a187e5c2c47cfdcba
4705,0,0.09706948238016493,0,7d28bf6a69a6398a187e5c2c47cfdcba
4125,1,0.5780646069118944,1,7d28bf6a69a6398a187e5c2c47cfdcba
4044,0,0.056354690371887756,0,7d28bf6a69a6398a187e5c2c47cfdcba
4234,0,0.3934879452793964,0,7d28bf6a69a6398a187e5c2c47cfdcba
3948,0,0.03846505636594683,0,7d28bf6a69a6398a187e5c2c47cfdcba
2028,0,0.4138733321390407,1,7d28bf6a69a6398a187e5c2c47cfdcba
839,0,0.4919604545642267,0,7d28bf6a69a6398a187e5c2c47cfdcba
3913,0,0.13652125492863781,0,7d28bf6a69a6398a187e5c2c47cfdcba
4591,0,0.29823022970707547,0,7d28bf6a69a6398a187e5c2c47cfdcba
2792,0,0.12033623374319141,0,7d28bf6a69a6398a187e5c2c47cfdcba
539,0,0.04421950688413822,0,7d28bf6a69a6398a187e5c2c47cfdcba
1154,0,0.14240689739437962,1,7d28bf6a69a6398a187e5c2c47cfdcba
3690,1,0.5357211458732181,0,7d28bf6a69a6398a187e5c2c47cfdcba
801,0,0.04752497992831109,0,7d28bf6a69a6398a187e5c2c47cfdcba
2245,0,0.34471649205160804,0,7d28bf6a69a6398a187e5c2c47cfdcba
3927,0,0.33629220349523364,0,7d28bf6a69a6398a187e5c2c47cfdcba
1135,0,0.16205408754551465,0,7d28bf6a69a6398a187e5c2c47cfdcba
3605,0,0.13940554370605027,0,7d28bf6a69a6398a187e5c2c47cfdcba
3470,0,0.3263819260950641,0,7d28bf6a69a6398a187e5c2c47cfdcba
210,0,0.0817825502130925,0,7d28bf6a69a6398a187e5c2c47cfdcba
4405,0,0.16448692278490645,0,7d28bf6a69a6398a187e5c2c47cfdcba
2512,0,0.2714966480290879,0,7d28bf6a69a6398a187e5c2c47cfdcba
65,0,0.05115619438405722,0,7d28bf6a69a6398a187e5c2c47cfdcba
863,1,0.582600079446807,0,7d28bf6a69a6398a187e5c2c47cfdcba
374,0,0.10385354244986365,0,7d28bf6a69a6398a187e5c2c47cfdcba
4116,0,0.14537804751094388,1,7d28bf6a69a6398a187e5c2c47cfdcba
4934,0,0.07972313398354357,0,7d28bf6a69a6398a187e5c2c47cfdcba
1132,0,0.05225662066001943,0,7d28bf6a69a6398a187e5c2c47cfdcba
3907,0,0.2215077164168878,0,7d28bf6a69a6398a187e5c2c47cfdcba
3069,0,0.1358916375252368,0,7d28bf6a69a6398a187e5c2c47cfdcba
2557,0,0.31821618748695113,0,7d28bf6a69a6398a187e5c2c47cfdcba
1026,0,0.10287545796618254,0,7d28bf6a69a6398a187e5c2c47cfdcba
2328,0,0.21438015734207957,0,7d28bf6a69a6398a187e5c2c47cfdcba
341,1,0.5334017243660731,1,7d28bf6a69a6398a187e5c2c47cfdcba
4375,0,0.20026359459430518,1,7d28bf6a69a6398a187e5c2c47cfdcba
875,0,0.082080358529913,0,7d28bf6a69a6398a187e5c2c47cfdcba
1506,0,0.48550729121167563,1,7d28bf6a69a6398a187e5c2c47cfdcba
3168,0,0.05004383172910014,0,7d28bf6a69a6398a187e5c2c47cfdcba
372,0,0.08062369138363872,0,7d28bf6a69a6398a187e5c2c47cfdcba
2624,0,0.08232646588057307,0,7d28bf6a69a6398a187e5c2c47cfdcba
2990,0,0.17466426632381626,0,7d28bf6a69a6398a187e5c2c47cfdcba
2259,1,0.6738318386378583,1,7d28bf6a69a6398a187e5c2c47cfdcba
2568,0,0.42296813404613115,0,7d28bf6a69a6398a187e5c2c47cfdcba
3523,1,0.5426875299997221,1,7d28bf6a69a6398a187e5c2c47cfdcba
4573,0,0.4272768923250133,1,7d28bf6a69a6398a187e5c2c47cfdcba
889,0,0.24420145441743485,1,7d28bf6a69a6398a187e5c2c47cfdcba
4433,0,0.4664821921513356,0,7d28bf6a69a6398a187e5c2c47cfdcba
4662,0,0.04979165640695577,0,7d28bf6a69a6398a187e5c2c47cfdcba
4221,0,0.11652123542786633,0,7d28bf6a69a6398a187e5c2c47cfdcba
4324,0,0.24189021500938837,0,7d28bf6a69a6398a187e5c2c47cfdcba
1325,0,0.04979211067161215,0,7d28bf6a69a6398a187e5c2c47cfdcba
2402,0,0.4176525456546075,0,7d28bf6a69a6398a187e5c2c47cfdcba
1579,0,0.1969760911336278,0,7d28bf6a69a6398a187e5c2c47cfdcba
96,0,0.21872786297936123,0,7d28bf6a69a6398a187e5c2c47cfdcba
4014,1,0.5895893990945194,1,7d28bf6a69a6398a187e5c2c47cfdcba
3250,0,0.06502535961839408,0,7d28bf6a69a6398a187e5c2c47cfdcba
3692,0,0.39366325890115683,1,7d28bf6a69a6398a187e5c2c47cfdcba
2637,0,0.29118559325980026,0,7d28bf6a69a6398a187e5c2c47cfdcba
4105,0,0.12343600491084099,0,7d28bf6a69a6398a187e5c2c47cfdcba
3737,0,0.33967280261610505,0,7d28bf6a69a6398a187e5c2c47cfdcba
4809,0,0.05735626394952372,0,7d28bf6a69a6398a187e5c2c47cfdcba
129,0,0.11175267011322641,0,7d28bf6a69a6398a187e5c2c47cfdcba
2561,1,0.6344785087083311,1,7d28bf6a69a6398a187e5c2c47cfdcba
2119,0,0.13311165446337317,0,7d28bf6a69a6398a187e5c2c47cfdcba
1635,0,0.11178930958188166,0,7d28bf6a69a6398a187e5c2c47cfdcba
1985,1,0.5352148538676403,0,7d28bf6a69a6398a187e5c2c47cfdcba
4920,1,0.5059538357110877,1,7d28bf6a69a6398a187e5c2c47cfdcba
4037,1,0.7033544924834652,1,7d28bf6a69a6398a187e5c2c47cfdcba
4470,0,0.43997612988144963,0,7d28bf6a69a6398a187e5c2c47cfdcba
3555,0,0.08764342623390982,0,7d28bf6a69a6398a187e5c2c47cfdcba
1398,0,0.12722932008306187,0,7d28bf6a69a6398a187e5c2c47cfdcba
4678,0,0.17987169732966604,0,7d28bf6a69a6398a187e5c2c47cfdcba
370,0,0.0659200832597271,1,7d28bf6a69a6398a187e5c2c47cfdcba
1788,0,0.07809763621049709,0,7d28bf6a69a6398a187e5c2c47cfdcba
2504,0,0.041050096579865664,0,7d28bf6a69a6398a187e5c2c47cfdcba
2773,0,0.24938000132239208,1,7d28bf6a69a6398a187e5c2c47cfdcba
2116,1,0.612203307009567,1,7d28bf6a69a6398a187e5c2c47cfdcba
4898,0,0.2132410374891665,1,7d28bf6a69a6398a187e5c2c47cfdcba
4252,0,0.265471918194627,0,7d28bf6a69a6398a187e5c2c47cfdcba
1820,0,0.12306623399204615,0,7d28bf6a69a6398a187e5c2c47cfdcba
994,0,0.049869232834817055,0,7d28bf6a69a6398a187e5c2c47cfdcba
881,0,0.2637786464328965,1,7d28bf6a69a6398a187e5c2c47cfdcba
737,0,0.24743737879504424,0,7d28bf6a69a6398a187e5c2c47cfdcba
231,0,0.12521469556860135,0,7d28bf6a69a6398a187e5c2c47cfdcba
377,0,0.23296336879166127,1,7d28bf6a69a6398a187e5c2c47cfdcba
1413,0,0.05843443267682033,0,7d28bf6a69a6398a187e5c2c47cfdcba
2910,0,0.03287768256878845,0,7d28bf6a69a6398a187e5c2c47cfdcba
2007,0,0.09331986129844304,0,7d28bf6a69a6398a187e5c2c47cfdcba
432,0,0.05764024843438479,0,7d28bf6a69a6398a187e5c2c47cfdcba
4264,0,0.20464569145819547,0,7d28bf6a69a6398a187e5c2c47cfdcba
3879,0,0.1216235662610508,0,7d28bf6a69a6398a187e5c2c47cfdcba
4361,0,0.048851311484517324,0,7d28bf6a69a6398a187e5c2c47cfdcba
1361,0,0.1529157799705585,0,7d28bf6a69a6398a187e5c2c47cfdcba
3042,0,0.2524981102177953,0,7d28bf6a69a6398a187e5c2c47cfdcba
4245,0,0.23022905675125493,1,7d28bf6a69a6398a187e5c2c47cfdcba
3483,0,0.33061720443436177,1,7d28bf6a69a6398a187e5c2c47cfdcba
1378,0,0.20924170644119433,0,7d28bf6a69a6398a187e5c2c47cfdcba
1591,0,0.43998238385717886,1,7d28bf6a69a6398a187e5c2c47cfdcba
1143,0,0.16030741010313532,0,7d28bf6a69a6398a187e5c2c47cfdcba
2643,0,0.3465146018717672,0,7d28bf6a69a6398a187e5c2c47cfdcba
172,0,0.2252878204626398,0,7d28bf6a69a6398a187e5c2c47cfdcba
3727,0,0.4302197574455814,0,7d28bf6a69a6398a187e5c2c47cfdcba
3863,0,0.16493782198340912,0,7d28bf6a69a6398a187e5c2c47cfdcba
1876,0,0.10832314932122626,0,7d28bf6a69a6398a187e5c2c47cfdcba
2654,0,0.07784349816005094,0,7d28bf6a69a6398a187e5c2c47cfdcba
3296,0,0.3024867220464656,1,7d28bf6a69a6398a187e5c2c47cfdcba
814,0,0.22415560222489442,0,7d28bf6a69a6398a187e5c2c47cfdcba
2256,0,0.2587395221789797,0,7d28bf6a69a6398a187e5c2c47cfdcba
2266,0,0.1654640901532293,0,7d28bf6a69a6398a187e5c2c47cfdcba
948,0,0.25951214250341514,0,7d28bf6a69a6398a187e5c2c47cfdcba
16,0,0.11297652960024954,0,7d28bf6a69a6398a187e5c2c47cfdcba
2026,0,0.07363901548822917,0,7d28bf6a69a6398a187e5c2c47cfdcba
2020,0,0.12365813466688615,0,7d28bf6a69a6398a187e5c2c47cfdcba
4355,1,0.563578248804147,1,7d28bf6a69a6398a187e5c2c47cfdcba
367,0,0.07946948155762071,0,7d28bf6a69a6398a187e5c2c47cfdcba
1406,0,0.1738645135449673,0,7d28bf6a69a6398a187e5c2c47cfdcba
3176,0,0.12139278977101328,0,7d28bf6a69a6398a187e5c2c47cfdcba
2932,0,0.18740274084672942,0,7d28bf6a69a6398a187e5c2c47cfdcba
3367,0,0.2098648774389248,0,7d28bf6a69a6398a187e5c2c47cfdcba
3436,1,0.5758702107769391,0,7d28bf6a69a6398a187e5c2c47cfdcba
4750,0,0.046153328588684636,0,7d28bf6a69a6398a187e5c2c47cfdcba
4841,1,0.7281516728169928,1,7d28bf6a69a6398a187e5c2c47cfdcba
4025,0,0.18625373230077027,0,7d28bf6a69a6398a187e5c2c47cfdcba
3527,0,0.3823776673952257,0,7d28bf6a69a6398a187e5c2c47cfdcba
4693,0,0.34215115764747533,1,7d28bf6a69a6398a187e5c2c47cfdcba
4614,0,0.3370977945832565,0,7d28bf6a69a6398a187e5c2c47cfdcba
1848,0,0.07710891995905379,0,7d28bf6a69a6398a187e5c2c47cfdcba
4604,0,0.1738509832595143,1,7d28bf6a69a6398a187e5c2c47cfdcba
4983,0,0.06325861342454961,0,7d28bf6a69a6398a187e5c2c47cfdcba
4032,0,0.2883210654487733,1,7d28bf6a69a6398a187e5c2c47cfdcba
4380,0,0.4689678482176354,1,7d28bf6a69a6398a187e5c2c47cfdcba
1935,0,0.3222714318357256,0,7d28bf6a69a6398a187e5c2c47cfdcba
239,0,0.27554935292210864,0,7d28bf6a69a6398a187e5c2c47cfdcba
1624,0,0.1491794875769889,0,7d28bf6a69a6398a187e5c2c47cfdcba
3032,0,0.0832063039120157,0,7d28bf6a69a6398a187e5c2c47cfdcba
4476,0,0.1534514798704673,1,7d28bf6a69a6398a187e5c2c47cfdcba
542,0,0.1375562806051503,0,7d28bf6a69a6398a187e5c2c47cfdcba
2851,0,0.07633126812814772,0,7d28bf6a69a6398a187e5c2c47cfdcba
2725,0,0.23139653052266562,0,7d28bf6a69a6398a187e5c2c47cfdcba
2454,0,0.12230250165133384,0,7d28bf6a69a6398a187e5c2c47cfdcba
1459,0,0.16109855759578937,0,7d28bf6a69a6398a187e5c2c47cfdcba
1668,0,0.16343382350809893,0,7d28bf6a69a6398a187e5c2c47cfdcba
3867,0,0.1658151022598368,0,7d28bf6a69a6398a187e5c2c47cfdcba
1903,0,0.04103932579495792,0,7d28bf6a69a6398a187e5c2c47cfdcba
552,0,0.195780945312707,1,7d28bf6a69a6398a187e5c2c47cfdcba
362,0,0.06463800074224788,1,7d28bf6a69a6398a187e5c2c47cfdcba
549,0,0.14908311716662986,0,7d28bf6a69a6398a187e5c2c47cfdcba
3018,0,0.39886069561145154,0,7d28bf6a69a6398a187e5c2c47cfdcba
4949,0,0.40403489736186515,0,7d28bf6a69a6398a187e5c2c47cfdcba
2086,0,0.4171993424001972,0,7d28bf6a69a6398a187e5c2c47cfdcba
2988,0,0.07898423824410701,0,7d28bf6a69a6398a187e5c2c47cfdcba
81,0,0.2044007424807598,0,7d28bf6a69a6398a187e5c2c47cfdcba
4026,0,0.05009695928682983,0,7d28bf6a69a6398a187e5c2c47cfdcba
2836,0,0.34229982014760824,0,7d28bf6a69a6398a187e5c2c47cfdcba
1730,1,0.6388545453663013,1,7d28bf6a69a6398a187e5c2c47cfdcba
4852,0,0.07163146323864378,1,7d28bf6a69a6398a187e5c2c47cfdcba
2925,0,0.12437465650560335,0,7d28bf6a69a6398a187e5c2c47cfdcba
355,1,0.6136243809633654,1,7d28bf6a69a6398a187e5c2c47cfdcba
3724,0,0.20681126927619242,0,7d28bf6a69a6398a187e5c2c47cfdcba
3607,0,0.2935954701984472,0,7d28bf6a69a6398a187e5c2c47cfdcba
3347,0,0.12506969885057778,0,7d28bf6a69a6398a187e5c2c47cfdcba
2936,0,0.19237367041029424,0,7d28bf6a69a6398a187e5c2c47cfdcba
2083,0,0.09576093029887875,0,7d28bf6a69a6398a187e5c2c47cfdcba
2449,1,0.642690516537706,0,7d28bf6a69a6398a187e5c2c47cfdcba
2845,0,0.3863951449065041,1,7d28bf6a69a6398a187e5c2c47cfdcba
2690,0,0.1322141692813035,0,7d28bf6a69a6398a187e5c2c47cfdcba
4056,0,0.11122697076801977,0,7d28bf6a69a6398a187e5c2c47cfdcba
554,0,0.12480504012462822,0,7d28bf6a69a6398a187e5c2c47cfdcba
3004,0,0.1438909755078096,0,7d28bf6a69a6398a187e5c2c47cfdcba
693,0,0.40032342930056153,1,7d28bf6a69a6398a187e5c2c47cfdcba
1181,0,0.3598244996978164,1,7d28bf6a69a6398a187e5c2c47cfdcba
2834,0,0.06984798688818245,1,7d28bf6a69a6398a187e5c2c47cfdcba
3599,1,0.5479563056057629,1,7d28bf6a69a6398a187e5c2c47cfdcba
649,0,0.09749154383776713,0,7d28bf6a69a6398a187e5c2c47cfdcba
4521,0,0.0369006824739251,0,7d28bf6a69a6398a187e5c2c47cfdcba
1333,0,0.24394989130238112,0,7d28bf6a69a6398a187e5c2c47cfdcba
4285,0,0.1498941140333727,0,7d28bf6a69a6398a187e5c2c47cfdcba
420,0,0.1813611717945845,0,7d28bf6a69a6398a187e5c2c47cfdcba
2641,0,0.10901942686612442,0,7d28bf6a69a6398a187e5c2c47cfdcba
4998,1,0.7560445723349672,1,7d28bf6a69a6398a187e5c2c47cfdcba
4904,0,0.12437941140183081,1,7d28bf6a69a6398a187e5c2c47cfdcba
1229,0,0.2063225484870201,1,7d28bf6a69a6398a187e5c2c47cfdcba
1089,1,0.6012231769016031,0,7d28bf6a69a6398a187e5c2c47cfdcba
2780,0,0.3323518815750024,1,7d28bf6a69a6398a187e5c2c47cfdcba
2754,0,0.31931008108476505,0,7d28bf6a69a6398a187e5c2c47cfdcba
2746,1,0.7668857572447412,1,7d28bf6a69a6398a187e5c2c47cfdcba
4198,0,0.27418236820017144,1,7d28bf6a69a6398a187e5c2c47cfdcba
1534,0,0.3210162460977438,0,7d28bf6a69a6398a187e5c2c47cfdcba
2336,0,0.33099445579624814,0,7d28bf6a69a6398a187e5c2c47cfdcba
3946,0,0.2487440199440111,0,7d28bf6a69a6398a187e5c2c47cfdcba
3850,0,0.24244871926554715,0,7d28bf6a69a6398a187e5c2c47cfdcba
3492,0,0.12639952654988607,0,7d28bf6a69a6398a187e5c2c47cfdcba
2305,0,0.1303201438643781,0,7d28bf6a69a6398a187e5c2c47cfdcba
960,0,0.10912039490542358,0,7d28bf6a69a6398a187e5c2c47cfdcba
3313,0,0.06958650022361024,0,7d28bf6a69a6398a187e5c2c47cfdcba
1164,0,0.07274446444777388,1,7d28bf6a69a6398a187e5c2c47cfdcba
371,0,0.055115707679511336,0,7d28bf6a69a6398a187e5c2c47cfdcba
1306,0,0.10858342289772076,0,7d28bf6a69a6398a187e5c2c47cfdcba
2993,0,0.12466696924187498,1,7d28bf6a69a6398a187e5c2c47cfdcba
4145,0,0.0900422000061578,0,7d28bf6a69a6398a187e5c2c47cfdcba
3541,0,0.15069919312863678,1,7d28bf6a69a6398a187e5c2c47cfdcba
1575,0,0.46074051926871984,0,7d28bf6a69a6398a187e5c2c47cfdcba
3742,0,0.07552502390337792,0,7d28bf6a69a6398a187e5c2c47cfdcba
1484,1,0.7004889864725141,0,7d28bf6a69a6398a187e5c2c47cfdcba
3834,0,0.27596127325311126,0,7d28bf6a69a6398a187e5c2c47cfdcba
2548,0,0.13840690624657676,0,7d28bf6a69a6398a187e5c2c47cfdcba
4749,0,0.39839146794760794,0,7d28bf6a69a6398a187e5c2c47cfdcba
1858,0,0.3004087947401412,0,7d28bf6a69a6398a187e5c2c47cfdcba
258,0,0.08982601839944859,0,7d28bf6a69a6398a187e5c2c47cfdcba
3835,1,0.6527648832596903,1,7d28bf6a69a6398a187e5c2c47cfdcba
769,1,0.7752984030025398,0,7d28bf6a69a6398a187e5c2c47cfdcba
2061,0,0.07576023315399978,0,7d28bf6a69a6398a187e5c2c47cfdcba
4211,0,0.16528520511795994,0,7d28bf6a69a6398a187e5c2c47cfdcba
2018,0,0.07878955519789586,0,7d28bf6a69a6398a187e5c2c47cfdcba
3940,0,0.037649523638844794,0,7d28bf6a69a6398a187e5c2c47cfdcba
4550,0,0.1047148566065232,0,7d28bf6a69a6398a187e5c2c47cfdcba
3344,1,0.6778324979350865,0,7d28bf6a69a6398a187e5c2c47cfdcba
114,0,0.10324910051474781,0,7d28bf6a69a6398a187e5c2c47cfdcba
1816,0,0.07684569715819697,0,7d28bf6a69a6398a187e5c2c47cfdcba
1594,1,0.7558413727347351,1,7d28bf6a69a6398a187e5c2c47cfdcba
957,0,0.06605739457664242,0,7d28bf6a69a6398a187e5c2c47cfdcba
2973,0,0.1485642010119667,0,7d28bf6a69a6398a187e5c2c47cfdcba
2289,0,0.05403794539632366,0,7d28bf6a69a6398a187e5c2c47cfdcba
4309,0,0.04268136723909391,0,7d28bf6a69a6398a187e5c2c47cfdcba
3402,1,0.5104148538356633,0,7d28bf6a69a6398a187e5c2c47cfdcba
3818,0,0.14904690142198132,0,7d28bf6a69a6398a187e5c2c47cfdcba
679,0,0.4160751634906721,0,7d28bf6a69a6398a187e5c2c47cfdcba
2325,0,0.12970734772782413,0,7d28bf6a69a6398a187e5c2c47cfdcba
56,0,0.1823475612081745,0,7d28bf6a69a6398a187e5c2c47cfdcba
3300,0,0.04911020589890897,0,7d28bf6a69a6398a187e5c2c47cfdcba
1435,0,0.18080541944004372,0,7d28bf6a69a6398a187e5c2c47cfdcba
4480,0,0.23572264072369736,0,7d28bf6a69a6398a187e5c2c47cfdcba
435,1,0.5545036387836573,0,7d28bf6a69a6398a187e5c2c47cfdcba
3829,0,0.1900345401496075,0,7d28bf6a69a6398a187e5c2c47cfdcba
1057,0,0.07390136064222658,1,7d28bf6a69a6398a187e5c2c47cfdcba
3203,0,0.16513187075372382,0,7d28bf6a69a6398a187e5c2c47cfdcba
155,0,0.3953749906579706,1,7d28bf6a69a6398a187e5c2c47cfdcba
4216,0,0.4110317330824806,1,7d28bf6a69a6398a187e5c2c47cfdcba
2883,0,0.18532078712702935,1,7d28bf6a69a6398a187e5c2c47cfdcba
3409,0,0.3812984808154493,0,7d28bf6a69a6398a187e5c2c47cfdcba
1016,0,0.06601714642048588,0,7d28bf6a69a6398a187e5c2c47cfdcba
60,0,0.3579360906012904,0,7d28bf6a69a6398a187e5c2c47cfdcba
4019,0,0.1212343400401746,0,7d28bf6a69a6398a187e5c2c47cfdcba
2077,0,0.3842743077074723,1,7d28bf6a69a6398a187e5c2c47cfdcba
782,0,0.2589689456214198,1,7d28bf6a69a6398a187e5c2c47cfdcba
35,0,0.1597183011197488,0,7d28bf6a69a6398a187e5c2c47cfdcba
428,0,0.11407173604134528,1,7d28bf6a69a6398a187e5c2c47cfdcba
3494,1,0.5544132183001573,1,7d28bf6a69a6398a187e5c2c47cfdcba
4972,0,0.16655409027510185,0,7d28bf6a69a6398a187e5c2c47cfdcba
1650,0,0.05115651124772468,0,7d28bf6a69a6398a187e5c2c47cfdcba
3358,0,0.13840505349740545,0,7d28bf6a69a6398a187e5c2c47cfdcba
1060,0,0.04640468272710132,0,7d28bf6a69a6398a187e5c2c47cfdcba
358,0,0.10048694991364425,0,7d28bf6a69a6398a187e5c2c47cfdcba
1123,0,0.276170402253832,1,7d28bf6a69a6398a187e5c2c47cfdcba
4956,0,0.10754179448740434,0,7d28bf6a69a6398a187e5c2c47cfdcba
4608,0,0.08009053361076462,0,7d28bf6a69a6398a187e5c2c47cfdcba
3708,0,0.2337603581510376,0,7d28bf6a69a6398a187e5c2c47cfdcba
3782,0,0.488032143890722,1,7d28bf6a69a6398a187e5c2c47cfdcba
524,0,0.13930206879583598,0,7d28bf6a69a6398a187e5c2c47cfdcba
1200,1,0.8069256910556061,1,7d28bf6a69a6398a187e5c2c47cfdcba
2785,0,0.14534300406441011,0,7d28bf6a69a6398a187e5c2c47cfdcba
4422,1,0.5271281621841745,1,7d28bf6a69a6398a187e5c2c47cfdcba
265,0,0.25455856091560125,0,7d28bf6a69a6398a187e5c2c47cfdcba
3257,0,0.09073841222642594,0,7d28bf6a69a6398a187e5c2c47cfdcba
1585,0,0.20576493987214803,0,7d28bf6a69a6398a187e5c2c47cfdcba
1664,0,0.10272733890517347,0,7d28bf6a69a6398a187e5c2c47cfdcba
1968,0,0.1551834841472903,1,7d28bf6a69a6398a187e5c2c47cfdcba
3363,0,0.04094032964985576,0,7d28bf6a69a6398a187e5c2c47cfdcba
1518,1,0.5484580935442218,0,7d28bf6a69a6398a187e5c2c47cfdcba
4131,0,0.40561942757188607,1,7d28bf6a69a6398a187e5c2c47cfdcba
734,0,0.154086927524461,0,7d28bf6a69a6398a187e5c2c47cfdcba
4218,0,0.0866735164229654,0,7d28bf6a69a6398a187e5c2c47cfdcba
2514,0,0.1937975824476985,0,7d28bf6a69a6398a187e5c2c47cfdcba
336,0,0.1451042274766374,0,7d28bf6a69a6398a187e5c2c47cfdcba
2596,0,0.03840713383436558,0,7d28bf6a69a6398a187e5c2c47cfdcba
4673,0,0.08108765348035024,0,7d28bf6a69a6398a187e5c2c47cfdcba
1156,0,0.3048104947309325,0,7d28bf6a69a6398a187e5c2c47cfdcba
887,0,0.0964716516700361,0,7d28bf6a69a6398a187e5c2c47cfdcba
3769,0,0.04005504949039721,0,7d28bf6a69a6398a187e5c2c47cfdcba
3020,0,0.04509941152767924,0,7d28bf6a69a6398a187e5c2c47cfdcba
494,0,0.16959331301918076,0,7d28bf6a69a6398a187e5c2c47cfdcba
580,0,0.22093138471272752,0,7d28bf6a69a6398a187e5c2c47cfdcba
1970,0,0.10461756366639191,0,7d28bf6a69a6398a187e5c2c47cfdcba
4210,0,0.1493808848140776,0,7d28bf6a69a6398a187e5c2c47cfdcba
4733,1,0.5174665129416455,0,7d28bf6a69a6398a187e5c2c47cfdcba
2479,0,0.05221908057791785,0,7d28bf6a69a6398a187e5c2c47cfdcba
1189,0,0.20980656207387685,0,7d28bf6a69a6398a187e5c2c47cfdcba
3277,0,0.3778934844206834,1,7d28bf6a69a6398a187e5c2c47cfdcba
2652,0,0.19047468100945128,0,7d28bf6a69a6398a187e5c2c47cfdcba
1133,0,0.12617930001331487,0,7d28bf6a69a6398a187e5c2c47cfdcba
212,0,0.19142201063028924,0,7d28bf6a69a6398a187e5c2c47cfdcba
4362,0,0.14601119058469936,0,7d28bf6a69a6398a187e5c2c47cfdcba
1064,0,0.18199845106930032,0,7d28bf6a69a6398a187e5c2c47cfdcba
3293,0,0.16283435260506438,0,7d28bf6a69a6398a187e5c2c47cfdcba
75,0,0.1045325698194307,0,7d28bf6a69a6398a187e5c2c47cfdcba
747,0,0.06801921514111683,0,7d28bf6a69a6398a187e5c2c47cfdcba
3796,0,0.1972802513322794,0,7d28bf6a69a6398a187e5c2c47cfdcba
1312,0,0.0881898184416974,0,7d28bf6a69a6398a187e5c2c47cfdcba
4646,0,0.12407196199229564,0,7d28bf6a69a6398a187e5c2c47cfdcba
1031,0,0.18267461372131436,0,7d28bf6a69a6398a187e5c2c47cfdcba
1004,0,0.15575152622803756,0,7d28bf6a69a6398a187e5c2c47cfdcba
247,0,0.14380071689573962,0,7d28bf6a69a6398a187e5c2c47cfdcba
1595,0,0.22344238244476436,0,7d28bf6a69a6398a187e5c2c47cfdcba
4734,0,0.140136546356917,0,7d28bf6a69a6398a187e5c2c47cfdcba
3728,0,0.06408274942742065,0,7d28bf6a69a6398a187e5c2c47cfdcba
2159,0,0.04672672717400499,0,7d28bf6a69a6398a187e5c2c47cfdcba
1500,0,0.3006696634240846,0,7d28bf6a69a6398a187e5c2c47cfdcba
4049,0,0.427961784122927,0,7d28bf6a69a6398a187e5c2c47cfdcba
3966,0,0.14983022457656403,0,7d28bf6a69a6398a187e5c2c47cfdcba
1919,0,0.4873216439096694,1,7d28bf6a69a6398a187e5c2c47cfdcba
186,0,0.2714741780466841,0,7d28bf6a69a6398a187e5c2c47cfdcba
1442,0,0.20290169833366828,0,7d28bf6a69a6398a187e5c2c47cfdcba
2015,0,0.3358262281334773,1,7d28bf6a69a6398a187e5c2c47cfdcba
3384,0,0.30901466106626363,1,7d28bf6a69a6398a187e5c2c47cfdcba
2056,0,0.16122796896723546,0,7d28bf6a69a6398a187e5c2c47cfdcba
1631,0,0.2343859209600589,1,7d28bf6a69a6398a187e5c2c47cfdcba
1307,0,0.1427932601521088,0,7d28bf6a69a6398a187e5c2c47cfdcba
1781,0,0.1971064873236676,0,7d28bf6a69a6398a187e5c2c47cfdcba
2422,0,0.40060269542990307,0,7d28bf6a69a6398a187e5c2c47cfdcba
1655,0,0.04708822003330113,0,7d28bf6a69a6398a187e5c2c47cfdcba
3153,0,0.14952244755338048,0,7d28bf6a69a6398a187e5c2c47cfdcba
1124,0,0.12352152583628878,0,7d28bf6a69a6398a187e5c2c47cfdcba
445,1,0.5903611831560861,0,7d28bf6a69a6398a187e5c2c47cfdcba
3716,1,0.6094542640392595,0,7d28bf6a69a6398a187e5c2c47cfdcba
4648,0,0.10937216859012382,0,7d28bf6a69a6398a187e5c2c47cfdcba
2503,0,0.08720491891722182,0,7d28bf6a69a6398a187e5c2c47cfdcba
4974,0,0.20285549648889045,0,7d28bf6a69a6398a187e5c2c47cfdcba
3047,0,0.05822253571906876,0,7d28bf6a69a6398a187e5c2c47cfdcba
1681,0,0.08987834716845645,0,7d28bf6a69a6398a187e5c2c47cfdcba
2800,0,0.4638821775649196,0,7d28bf6a69a6398a187e5c2c47cfdcba
3215,0,0.31206436292047957,0,7d28bf6a69a6398a187e5c2c47cfdcba
2581,1,0.578378535275619,0,7d28bf6a69a6398a187e5c2c47cfdcba
243,0,0.09624733966952659,0,7d28bf6a69a6398a187e5c2c47cfdcba
3543,0,0.23103946635380576,0,7d28bf6a69a6398a187e5c2c47cfdcba
4479,1,0.5415807823088928,0,7d28bf6a69a6398a187e5c2c47cfdcba
2695,0,0.251563061668669,0,7d28bf6a69a6398a187e5c2c47cfdcba
3549,0,0.21535265910280887,0,7d28bf6a69a6398a187e5c2c47cfdcba
1659,0,0.42734274740649725,1,7d28bf6a69a6398a187e5c2c47cfdcba
2333,0,0.40638574707676867,0,7d28bf6a69a6398a187e5c2c47cfdcba
1297,0,0.15114080373137964,0,7d28bf6a69a6398a187e5c2c47cfdcba
1674,0,0.16223571597447894,0,7d28bf6a69a6398a187e5c2c47cfdcba
2352,0,0.1611465155258394,1,7d28bf6a69a6398a187e5c2c47cfdcba
3995,1,0.7654415561867148,1,7d28bf6a69a6398a187e5c2c47cfdcba
611,0,0.2664287351937429,1,7d28bf6a69a6398a187e5c2c47cfdcba
1407,0,0.1029524544766669,0,7d28bf6a69a6398a187e5c2c47cfdcba
2474,0,0.04312761316230041,0,7d28bf6a69a6398a187e5c2c47cfdcba
3232,1,0.8434140411715814,1,7d28bf6a69a6398a187e5c2c47cfdcba
373,0,0.49173131969721623,1,7d28bf6a69a6398a187e5c2c47cfdcba
3062,0,0.07128192702365645,0,7d28bf6a69a6398a187e5c2c47cfdcba
3752,0,0.07484952472825092,0,7d28bf6a69a6398a187e5c2c47cfdcba
4574,1,0.512526912196424,0,7d28bf6a69a6398a187e5c2c47cfdcba
4350,0,0.4611647906132508,0,7d28bf6a69a6398a187e5c2c47cfdcba
236,0,0.09319219035159063,0,7d28bf6a69a6398a187e5c2c47cfdcba
1344,0,0.1350377355709895,0,7d28bf6a69a6398a187e5c2c47cfdcba
2321,0,0.26526196883325726,1,7d28bf6a69a6398a187e5c2c47cfdcba
1218,1,0.6959161448770931,0,7d28bf6a69a6398a187e5c2c47cfdcba
1776,0,0.39683952895016855,1,7d28bf6a69a6398a187e5c2c47cfdcba
1498,1,0.5325710607048897,0,7d28bf6a69a6398a187e5c2c47cfdcba
4685,0,0.21333170428589274,1,7d28bf6a69a6398a187e5c2c47cfdcba
2097,0,0.15986284132264686,0,7d28bf6a69a6398a187e5c2c47cfdcba
510,0,0.1443990951526376,0,7d28bf6a69a6398a187e5c2c47cfdcba
1613,0,0.15014518266716045,0,7d28bf6a69a6398a187e5c2c47cfdcba
1623,0,0.10712167074989315,0,7d28bf6a69a6398a187e5c2c47cfdcba
2045,0,0.4358135010867524,0,7d28bf6a69a6398a187e5c2c47cfdcba
3163,0,0.4214917906707243,0,7d28bf6a69a6398a187e5c2c47cfdcba
3372,0,0.20287909484011493,0,7d28bf6a69a6398a187e5c2c47cfdcba
78,0,0.1439379878353538,0,7d28bf6a69a6398a187e5c2c47cfdcba
2317,0,0.07414688895522423,1,7d28bf6a69a6398a187e5c2c47cfdcba
4307,0,0.12243166574381123,0,7d28bf6a69a6398a187e5c2c47cfdcba
2874,0,0.17284833036521927,0,7d28bf6a69a6398a187e5c2c47cfdcba
3399,0,0.048455978403360966,0,7d28bf6a69a6398a187e5c2c47cfdcba
4762,0,0.4099948949121688,1,7d28bf6a69a6398a187e5c2c47cfdcba
911,0,0.21620354602488848,0,7d28bf6a69a6398a187e5c2c47cfdcba
3478,1,0.6249609601482209,0,7d28bf6a69a6398a187e5c2c47cfdcba
697,0,0.14466438517796246,1,7d28bf6a69a6398a187e5c2c47cfdcba
2386,0,0.40107050022836843,1,7d28bf6a69a6398a187e5c2c47cfdcba
363,0,0.19520398265923436,0,7d28bf6a69a6398a187e5c2c47cfdcba
1842,1,0.5600853532026313,1,7d28bf6a69a6398a187e5c2c47cfdcba
1153,0,0.29572686646392393,0,7d28bf6a69a6398a187e5c2c47cfdcba
1360,0,0.3546365411572782,0,7d28bf6a69a6398a187e5c2c47cfdcba
4626,0,0.16513776327199678,0,7d28bf6a69a6398a187e5c2c47cfdcba
3806,0,0.08642571020304954,0,7d28bf6a69a6398a187e5c2c47cfdcba
3142,1,0.6625228691824742,1,7d28bf6a69a6398a187e5c2c47cfdcba
4557,0,0.057862392312497554,0,7d28bf6a69a6398a187e5c2c47cfdcba
4950,0,0.16219770292143307,0,7d28bf6a69a6398a187e5c2c47cfdcba
2733,0,0.4009421223640502,0,7d28bf6a69a6398a187e5c2c47cfdcba
4991,0,0.18975926451117045,0,7d28bf6a69a6398a187e5c2c47cfdcba
4724,0,0.16749569138678608,0,7d28bf6a69a6398a187e5c2c47cfdcba
83,0,0.21119316447753808,1,7d28bf6a69a6398a187e5c2c47cfdcba
79,0,0.48711987835284287,0,7d28bf6a69a6398a187e5c2c47cfdcba
662,0,0.03561026558755463,0,7d28bf6a69a6398a187e5c2c47cfdcba
324,0,0.1824933348725053,0,7d28bf6a69a6398a187e5c2c47cfdcba
1440,0,0.32944589916636235,0,7d28bf6a69a6398a187e5c2c47cfdcba
4622,0,0.21403405885635315,0,7d28bf6a69a6398a187e5c2c47cfdcba
1130,0,0.17998581380849138,0,7d28bf6a69a6398a187e5c2c47cfdcba
2253,0,0.04028208706151502,0,7d28bf6a69a6398a187e5c2c47cfdcba
2376,0,0.18038578409664574,0,7d28bf6a69a6398a187e5c2c47cfdcba
808,0,0.12427396366104246,0,7d28bf6a69a6398a187e5c2c47cfdcba
1510,0,0.3751934446710103,0,7d28bf6a69a6398a187e5c2c47cfdcba
3105,1,0.6837700183953869,0,7d28bf6a69a6398a187e5c2c47cfdcba
2593,0,0.12763657404300122,0,7d28bf6a69a6398a187e5c2c47cfdcba
2576,0,0.046304461669026596,0,7d28bf6a69a6398a187e5c2c47cfdcba
3329,0,0.0825444989205164,0,7d28bf6a69a6398a187e5c2c47cfdcba
656,0,0.15869191877138802,0,7d28bf6a69a6398a187e5c2c47cfdcba
3070,0,0.12960445191469191,0,7d28bf6a69a6398a187e5c2c47cfdcba
858,0,0.09153563437239474,0,7d28bf6a69a6398a187e5c2c47cfdcba
1383,1,0.5030918430344418,1,7d28bf6a69a6398a187e5c2c47cfdcba
4528,0,0.16026394222720725,0,7d28bf6a69a6398a187e5c2c47cfdcba
4443,0,0.10534061841145986,0,7d28bf6a69a6398a187e5c2c47cfdcba
833,0,0.047945757316667684,0,7d28bf6a69a6398a187e5c2c47cfdcba
2927,0,0.24630548939467242,1,7d28bf6a69a6398a187e5c2c47cfdcba
1614,0,0.20888632228699136,0,7d28bf6a69a6398a187e5c2c47cfdcba
3797,0,0.2202219471995481,0,7d28bf6a69a6398a187e5c2c47cfdcba
4645,0,0.03985476642695562,0,7d28bf6a69a6398a187e5c2c47cfdcba
3356,0,0.12855641949456312,0,7d28bf6a69a6398a187e5c2c47cfdcba
213,0,0.25965086154054373,0,7d28bf6a69a6398a187e5c2c47cfdcba
2520,1,0.7789240462297298,0,7d28bf6a69a6398a187e5c2c47cfdcba
131,0,0.1259717559896938,0,7d28bf6a69a6398a187e5c2c47cfdcba
3087,0,0.12040189313279634,0,7d28bf6a69a6398a187e5c2c47cfdcba
4986,1,0.6611880916345875,1,7d28bf6a69a6398a187e5c2c47cfdcba
2524,0,0.1994655001631825,0,7d28bf6a69a6398a187e5c2c47cfdcba
3467,0,0.044157181383903184,0,7d28bf6a69a6398a187e5c2c47cfdcba
3800,0,0.22647972159618973,0,7d28bf6a69a6398a187e5c2c47cfdcba
448,0,0.4291342145191085,0,7d28bf6a69a6398a187e5c2c47cfdcba
3765,0,0.08618023483148313,0,7d28bf6a69a6398a187e5c2c47cfdcba
699,0,0.10235470556844992,0,7d28bf6a69a6398a187e5c2c47cfdcba
103,0,0.10153749707235946,0,7d28bf6a69a6398a187e5c2c47cfdcba
4606,0,0.24050645350666164,0,7d28bf6a69a6398a187e5c2c47cfdcba
523,1,0.5409354485431752,1,7d28bf6a69a6398a187e5c2c47cfdcba
3017,0,0.04184723975669189,0,7d28bf6a69a6398a187e5c2c47cfdcba
3851,0,0.08200784700925877,1,7d28bf6a69a6398a187e5c2c47cfdcba
1102,0,0.21093832935701012,0,7d28bf6a69a6398a187e5c2c47cfdcba
1821,1,0.5800937530255668,1,7d28bf6a69a6398a187e5c2c47cfdcba
1415,0,0.28357686743634414,1,7d28bf6a69a6398a187e5c2c47cfdcba
165,0,0.3848078513940777,1,7d28bf6a69a6398a187e5c2c47cfdcba
4640,0,0.17454881134781977,1,7d28bf6a69a6398a187e5c2c47cfdcba
3308,1,0.7179573742767585,0,7d28bf6a69a6398a187e5c2c47cfdcba
4253,0,0.12261998473273933,0,7d28bf6a69a6398a187e5c2c47cfdcba
3189,0,0.3764737100073999,1,7d28bf6a69a6398a187e5c2c47cfdcba
2555,0,0.04569865426736615,0,7d28bf6a69a6398a187e5c2c47cfdcba
3383,0,0.39500654378628314,1,7d28bf6a69a6398a187e5c2c47cfdcba
3962,0,0.34864370272874146,1,7d28bf6a69a6398a187e5c2c47cfdcba
2499,0,0.1899922487453931,0,7d28bf6a69a6398a187e5c2c47cfdcba
395,0,0.12885603480076244,0,7d28bf6a69a6398a187e5c2c47cfdcba
625,0,0.33108649246450705,0,7d28bf6a69a6398a187e5c2c47cfdcba
3997,0,0.4312281048834521,0,7d28bf6a69a6398a187e5c2c47cfdcba
947,0,0.24743584368385282,0,7d28bf6a69a6398a187e5c2c47cfdcba
761,1,0.8419792684025084,1,7d28bf6a69a6398a187e5c2c47cfdcba
3430,0,0.06709413788651558,0,7d28bf6a69a6398a187e5c2c47cfdcba
2739,0,0.22428351017887133,0,7d28bf6a69a6398a187e5c2c47cfdcba
1443,0,0.4047925293086553,0,7d28bf6a69a6398a187e5c2c47cfdcba
4039,0,0.18324085991294345,0,7d28bf6a69a6398a187e5c2c47cfdcba
645,0,0.23859198807565787,0,7d28bf6a69a6398a187e5c2c47cfdcba
1882,0,0.16326282693217337,0,7d28bf6a69a6398a187e5c2c47cfdcba
3802,0,0.10515796968115923,0,7d28bf6a69a6398a187e5c2c47cfdcba
4759,0,0.11376718887984072,0,7d28bf6a69a6398a187e5c2c47cfdcba
4147,0,0.08023282654357372,0,7d28bf6a69a6398a187e5c2c47cfdcba
2598,0,0.20116906654687564,0,7d28bf6a69a6398a187e5c2c47cfdcba
2541,0,0.21543622219623243,1,7d28bf6a69a6398a187e5c2c47cfdcba
4548,1,0.6230721379914007,1,7d28bf6a69a6398a187e5c2c47cfdcba
2822,0,0.41904572988082045,1,7d28bf6a69a6398a187e5c2c47cfdcba
4430,1,0.5007702148451539,0,7d28bf6a69a6398a187e5c2c47cfdcba
2286,1,0.8242600905720248,0,7d28bf6a69a6398a187e5c2c47cfdcba
4066,0,0.29055838462509925,0,7d28bf6a69a6398a187e5c2c47cfdcba
2827,1,0.7444288427825051,0,7d28bf6a69a6398a187e5c2c47cfdcba
4207,0,0.03855534895396144,0,7d28bf6a69a6398a187e5c2c47cfdcba
3268,0,0.12217020520078425,1,7d28bf6a69a6398a187e5c2c47cfdcba
183,0,0.28040763872340946,0,7d28bf6a69a6398a187e5c2c47cfdcba
3316,0,0.06446085953074585,0,7d28bf6a69a6398a187e5c2c47cfdcba
4057,1,0.8712805052162947,0,7d28bf6a69a6398a187e5c2c47cfdcba
1169,0,0.1326433864397532,0,7d28bf6a69a6398a187e5c2c47cfdcba
4426,0,0.29219728598030126,0,7d28bf6a69a6398a187e5c2c47cfdcba
4655,0,0.1560936735293563,1,7d28bf6a69a6398a187e5c2c47cfdcba
1711,0,0.22290149659617745,1,7d28bf6a69a6398a187e5c2c47cfdcba
4425,0,0.07551382411943283,0,7d28bf6a69a6398a187e5c2c47cfdcba
1178,0,0.15943794695060598,0,7d28bf6a69a6398a187e5c2c47cfdcba
2129,0,0.10856143905082759,0,7d28bf6a69a6398a187e5c2c47cfdcba
2532,0,0.4295397898587827,1,7d28bf6a69a6398a187e5c2c47cfdcba
397,0,0.1599517645975539,1,7d28bf6a69a6398a187e5c2c47cfdcba
1291,0,0.1536911172108692,0,7d28bf6a69a6398a187e5c2c47cfdcba
3661,0,0.11382497302829192,1,7d28bf6a69a6398a187e5c2c47cfdcba
3971,0,0.06317414405903829,1,7d28bf6a69a6398a187e5c2c47cfdcba
3458,0,0.3606220825497778,1,7d28bf6a69a6398a187e5c2c47cfdcba
1630,0,0.10982037140473298,0,7d28bf6a69a6398a187e5c2c47cfdcba
3096,0,0.42061192917775286,0,7d28bf6a69a6398a187e5c2c47cfdcba
4087,0,0.17356148937150337,0,7d28bf6a69a6398a187e5c2c47cfdcba
1289,0,0.20304646497410586,0,7d28bf6a69a6398a187e5c2c47cfdcba
3747,0,0.1573938673852507,0,7d28bf6a69a6398a187e5c2c47cfdcba
4279,0,0.2575026860395723,0,7d28bf6a69a6398a187e5c2c47cfdcba
901,0,0.0665200640622717,0,7d28bf6a69a6398a187e5c2c47cfdcba
3748,0,0.11598405844143701,1,7d28bf6a69a6398a187e5c2c47cfdcba
571,0,0.2166585114412048,0,7d28bf6a69a6398a187e5c2c47cfdcba
4997,0,0.0996320698944613,0,7d28bf6a69a6398a187e5c2c47cfdcba
4451,0,0.08327128996784368,0,7d28bf6a69a6398a187e5c2c47cfdcba
3366,0,0.044656572926782656,0,7d28bf6a69a6398a187e5c2c47cfdcba
2309,0,0.07274328985639383,0,7d28bf6a69a6398a187e5c2c47cfdcba
4327,0,0.21057127406981788,0,7d28bf6a69a6398a187e5c2c47cfdcba
4782,0,0.3496613273069396,0,7d28bf6a69a6398a187e5c2c47cfdcba
4767,1,0.5337610247438582,0,7d28bf6a69a6398a187e5c2c47cfdcba
1874,0,0.29569026504740953,0,7d28bf6a69a6398a187e5c2c47cfdcba
2742,0,0.2166735599742851,1,7d28bf6a69a6398a187e5c2c47cfdcba
3271,0,0.13574335464125745,0,7d28bf6a69a6398a187e5c2c47cfdcba
4921,0,0.1785536242672738,1,7d28bf6a69a6398a187e5c2c47cfdcba
2167,0,0.14635567444188435,0,7d28bf6a69a6398a187e5c2c47cfdcba
3437,1,0.7839997740367105,0,7d28bf6a69a6398a187e5c2c47cfdcba
4424,0,0.3186996638764805,1,7d28bf6a69a6398a187e5c2c47cfdcba
3525,0,0.1945717721232777,0,7d28bf6a69a6398a187e5c2c47cfdcba
4867,0,0.4222933865037915,1,7d28bf6a69a6398a187e5c2c47cfdcba
3115,0,0.2858206935258258,0,7d28bf6a69a6398a187e5c2c47cfdcba
3952,0,0.21329242010972999,0,7d28bf6a69a6398a187e5c2c47cfdcba
1937,0,0.04323053992693576,0,7d28bf6a69a6398a187e5c2c47cfdcba
1321,0,0.1910563070734434,0,7d28bf6a69a6398a187e5c2c47cfdcba
1125,0,0.39095490157286394,0,7d28bf6a69a6398a187e5c2c47cfdcba
2511,0,0.14061379423597883,0,7d28bf6a69a6398a187e5c2c47cfdcba
1527,0,0.057962854422293104,0,7d28bf6a69a6398a187e5c2c47cfdcba
2458,0,0.18516373759608368,0,7d28bf6a69a6398a187e5c2c47cfdcba
2495,0,0.11567103975500063,0,7d28bf6a69a6398a187e5c2c47cfdcba
3877,0,0.33996815942582553,1,7d28bf6a69a6398a187e5c2c47cfdcba
4747,0,0.11386036052910083,0,7d28bf6a69a6398a187e5c2c47cfdcba
1408,0,0.4388853110909157,0,7d28bf6a69a6398a187e5c2c47cfdcba
3272,0,0.19090953209796496,1,7d28bf6a69a6398a187e5c2c47cfdcba
3137,1,0.6828193251990585,0,7d28bf6a69a6398a187e5c2c47cfdcba
4789,0,0.09858575816840258,0,7d28bf6a69a6398a187e5c2c47cfdcba
2264,0,0.41578934596599276,1,7d28bf6a69a6398a187e5c2c47cfdcba
3749,0,0.317584703248355,0,7d28bf6a69a6398a187e5c2c47cfdcba
2589,0,0.13892599901169614,0,7d28bf6a69a6398a187e5c2c47cfdcba
1502,0,0.352484030743485,1,7d28bf6a69a6398a187e5c2c47cfdcba
2538,0,0.059227856332141414,0,7d28bf6a69a6398a187e5c2c47cfdcba
1320,1,0.755152432041004,1,7d28bf6a69a6398a187e5c2c47cfdcba
1233,1,0.8563625054617903,1,7d28bf6a69a6398a187e5c2c47cfdcba
2236,0,0.1109211651782619,0,7d28bf6a69a6398a187e5c2c47cfdcba
1629,0,0.4446501326057475,0,7d28bf6a69a6398a187e5c2c47cfdcba
2789,1,0.6189230033919391,0,7d28bf6a69a6398a187e5c2c47cfdcba
123,0,0.2336224171575995,0,7d28bf6a69a6398a187e5c2c47cfdcba
2634,0,0.07154544047081043,0,7d28bf6a69a6398a187e5c2c47cfdcba
1796,0,0.45748707160625196,0,7d28bf6a69a6398a187e5c2c47cfdcba
3102,0,0.1603978079939153,0,7d28bf6a69a6398a187e5c2c47cfdcba
2710,0,0.37255788783762483,0,7d28bf6a69a6398a187e5c2c47cfdcba
765,1,0.7505720387364838,1,7d28bf6a69a6398a187e5c2c47cfdcba
1409,0,0.1997836600532814,1,7d28bf6a69a6398a187e5c2c47cfdcba
4534,0,0.09453612823519976,0,7d28bf6a69a6398a187e5c2c47cfdcba
2428,0,0.4573460211023199,0,7d28bf6a69a6398a187e5c2c47cfdcba
1745,0,0.04261590191538802,0,7d28bf6a69a6398a187e5c2c47cfdcba
3336,0,0.23520210362667907,0,7d28bf6a69a6398a187e5c2c47cfdcba
4746,1,0.797028939415933,0,7d28bf6a69a6398a187e5c2c47cfdcba
4721,0,0.1089475546676591,0,7d28bf6a69a6398a187e5c2c47cfdcba
1873,0,0.18449207369706305,0,7d28bf6a69a6398a187e5c2c47cfdcba
2614,0,0.43194670598730284,1,7d28bf6a69a6398a187e5c2c47cfdcba
2138,0,0.07210676147951636,0,7d28bf6a69a6398a187e5c2c47cfdcba
798,0,0.19949061691171058,0,7d28bf6a69a6398a187e5c2c47cfdcba
4947,0,0.2809535900741312,1,7d28bf6a69a6398a187e5c2c47cfdcba
626,0,0.256384884497353,0,7d28bf6a69a6398a187e5c2c47cfdcba
4553,0,0.11452070657085817,0,7d28bf6a69a6398a187e5c2c47cfdcba
1616,0,0.08557982017089458,0,7d28bf6a69a6398a187e5c2c47cfdcba
1782,0,0.2826505174082561,0,7d28bf6a69a6398a187e5c2c47cfdcba
2206,0,0.10502035981058963,0,7d28bf6a69a6398a187e5c2c47cfdcba
1890,0,0.1919357752185267,0,7d28bf6a69a6398a187e5c2c47cfdcba
790,0,0.2844724087500738,0,7d28bf6a69a6398a187e5c2c47cfdcba
7,0,0.23623297617520148,0,7d28bf6a69a6398a187e5c2c47cfdcba
2414,0,0.4475685964362026,1,7d28bf6a69a6398a187e5c2c47cfdcba
4853,0,0.06821417320960538,0,7d28bf6a69a6398a187e5c2c47cfdcba
2276,0,0.06520935119451145,0,7d28bf6a69a6398a187e5c2c47cfdcba
2960,0,0.09975596384498917,0,7d28bf6a69a6398a187e5c2c47cfdcba
4509,0,0.15394294294476157,0,7d28bf6a69a6398a187e5c2c47cfdcba
417,0,0.059806688783282096,0,7d28bf6a69a6398a187e5c2c47cfdcba
742,0,0.1905799652789857,1,7d28bf6a69a6398a187e5c2c47cfdcba
2127,1,0.5344093592528955,0,7d28bf6a69a6398a187e5c2c47cfdcba
3593,0,0.2337076555398384,1,7d28bf6a69a6398a187e5c2c47cfdcba
1909,0,0.08805140704325566,0,7d28bf6a69a6398a187e5c2c47cfdcba
824,0,0.28973106338796095,0,7d28bf6a69a6398a187e5c2c47cfdcba
4567,0,0.18463618462803752,0,7d28bf6a69a6398a187e5c2c47cfdcba
116,0,0.25102400551359305,0,7d28bf6a69a6398a187e5c2c47cfdcba
1481,0,0.3181871495654906,1,7d28bf6a69a6398a187e5c2c47cfdcba
1904,0,0.47937651977808626,1,7d28bf6a69a6398a187e5c2c47cfdcba
3216,0,0.2490361890770561,0,7d28bf6a69a6398a187e5c2c47cfdcba
4878,0,0.3371309609632254,0,7d28bf6a69a6398a187e5c2c47cfdcba
4504,0,0.13189351380678505,0,7d28bf6a69a6398a187e5c2c47cfdcba
3799,0,0.31953346120055204,1,7d28bf6a69a6398a187e5c2c47cfdcba
1024,0,0.13542644094872605,0,7d28bf6a69a6398a187e5c2c47cfdcba
592,0,0.17587466610087227,0,7d28bf6a69a6398a187e5c2c47cfdcba
4456,0,0.16097556052139395,0,7d28bf6a69a6398a187e5c2c47cfdcba
4627,0,0.08545257814713558,0,7d28bf6a69a6398a187e5c2c47cfdcba
2022,0,0.10665012239352438,0,7d28bf6a69a6398a187e5c2c47cfdcba
3980,0,0.1488765924894871,1,7d28bf6a69a6398a187e5c2c47cfdcba
1107,0,0.13999703842391373,0,7d28bf6a69a6398a187e5c2c47cfdcba
3825,0,0.0437533972373014,0,7d28bf6a69a6398a187e5c2c47cfdcba
2508,0,0.07149196605396842,0,7d28bf6a69a6398a187e5c2c47cfdcba
1797,0,0.12650053205985465,0,7d28bf6a69a6398a187e5c2c47cfdcba
1508,0,0.05386302288106539,0,7d28bf6a69a6398a187e5c2c47cfdcba
127,0,0.14349565606049566,0,7d28bf6a69a6398a187e5c2c47cfdcba
4793,0,0.27427874729892027,0,7d28bf6a69a6398a187e5c2c47cfdcba
2437,1,0.5753067987356658,1,7d28bf6a69a6398a187e5c2c47cfdcba
403,0,0.48751958664766293,1,7d28bf6a69a6398a187e5c2c47cfdcba
150,0,0.12661947560268852,0,7d28bf6a69a6398a187e5c2c47cfdcba
4909,0,0.4661534267444483,1,7d28bf6a69a6398a187e5c2c47cfdcba
2444,0,0.1470812211850047,0,7d28bf6a69a6398a187e5c2c47cfdcba
2442,0,0.16748363596446916,1,7d28bf6a69a6398a187e5c2c47cfdcba
62,0,0.28915730093091535,0,7d28bf6a69a6398a187e5c2c47cfdcba
2544,0,0.10001282889152995,1,7d28bf6a69a6398a187e5c2c47cfdcba
4191,0,0.1139587982338625,0,7d28bf6a69a6398a187e5c2c47cfdcba
3109,0,0.2135629486222781,1,7d28bf6a69a6398a187e5c2c47cfdcba
3557,0,0.17689518460504577,0,7d28bf6a69a6398a187e5c2c47cfdcba
4439,0,0.07819702737461873,0,7d28bf6a69a6398a187e5c2c47cfdcba
1576,0,0.2518498465840231,0,7d28bf6a69a6398a187e5c2c47cfdcba
3632,0,0.24604620723342768,0,7d28bf6a69a6398a187e5c2c47cfdcba
3590,0,0.04148259003539295,0,7d28bf6a69a6398a187e5c2c47cfdcba
3285,0,0.19326556797939276,0,7d28bf6a69a6398a187e5c2c47cfdcba
2153,1,0.5820920719387064,0,7d28bf6a69a6398a187e5c2c47cfdcba
4332,0,0.12431873723247147,0,7d28bf6a69a6398a187e5c2c47cfdcba
3676,0,0.08593853288515495,0,7d28bf6a69a6398a187e5c2c47cfdcba
222,1,0.8472610705679777,1,7d28bf6a69a6398a187e5c2c47cfdcba
4854,0,0.43330872905928464,0,7d28bf6a69a6398a187e5c2c47cfdcba
120,0,0.3352788050586717,0,7d28bf6a69a6398a187e5c2c47cfdcba
2380,1,0.5021233179393033,0,7d28bf6a69a6398a187e5c2c47cfdcba
3134,0,0.10892566615236067,0,7d28bf6a69a6398a187e5c2c47cfdcba
4289,0,0.0572742449178354,0,7d28bf6a69a6398a187e5c2c47cfdcba
2283,0,0.07504664038550438,0,7d28bf6a69a6398a187e5c2c47cfdcba
181,0,0.062149473922981674,0,7d28bf6a69a6398a187e5c2c47cfdcba
968,0,0.1780324992984641,0,7d28bf6a69a6398a187e5c2c47cfdcba
627,0,0.302727801655404,0,7d28bf6a69a6398a187e5c2c47cfdcba
3330,0,0.13249144179459613,0,7d28bf6a69a6398a187e5c2c47cfdcba
4905,0,0.039241152916748026,0,7d28bf6a69a6398a187e5c2c47cfdcba
3454,0,0.11622475095640629,0,7d28bf6a69a6398a187e5c2c47cfdcba
1365,1,0.5876064000430392,0,7d28bf6a69a6398a187e5c2c47cfdcba
4006,0,0.35771910437860593,1,7d28bf6a69a6398a187e5c2c47cfdcba
614,0,0.4286579809484063,0,7d28bf6a69a6398a187e5c2c47cfdcba
3078,0,0.0703786888314619,0,7d28bf6a69a6398a187e5c2c47cfdcba
266,0,0.09915712657907211,0,7d28bf6a69a6398a187e5c2c47cfdcba
3841,0,0.30305187356488156,0,7d28bf6a69a6398a187e5c2c47cfdcba
3973,0,0.05150294408622969,0,7d28bf6a69a6398a187e5c2c47cfdcba
1932,0,0.10903497346435578,0,7d28bf6a69a6398a187e5c2c47cfdcba
2199,0,0.10202289205491336,0,7d28bf6a69a6398a187e5c2c47cfdcba
3190,1,0.5256047561328856,0,7d28bf6a69a6398a187e5c2c47cfdcba
1807,0,0.24298223296985133,1,7d28bf6a69a6398a187e5c2c47cfdcba
225,0,0.20406235815406218,0,7d28bf6a69a6398a187e5c2c47cfdcba
4201,0,0.12139903392907365,0,7d28bf6a69a6398a187e5c2c47cfdcba
4957,0,0.11823719753508044,0,7d28bf6a69a6398a187e5c2c47cfdcba
2068,1,0.5160961582647807,1,7d28bf6a69a6398a187e5c2c47cfdcba
2098,0,0.37894062233619735,0,7d28bf6a69a6398a187e5c2c47cfdcba
1186,0,0.044645229698755506,0,7d28bf6a69a6398a187e5c2c47cfdcba
2963,0,0.06216062031701495,0,7d28bf6a69a6398a187e5c2c47cfdcba
4038,0,0.16445186292951805,0,7d28bf6a69a6398a187e5c2c47cfdcba
2489,0,0.1756410809267704,0,7d28bf6a69a6398a187e5c2c47cfdcba
2186,0,0.16779049046735234,0,7d28bf6a69a6398a187e5c2c47cfdcba
4611,0,0.45666794294683877,1,7d28bf6a69a6398a187e5c2c47cfdcba
2870,0,0.13562991867447233,0,7d28bf6a69a6398a187e5c2c47cfdcba
2349,0,0.2542152004942142,0,7d28bf6a69a6398a187e5c2c47cfdcba
3730,0,0.07622457174359733,0,7d28bf6a69a6398a187e5c2c47cfdcba
284,0,0.23038664094531336,0,7d28bf6a69a6398a187e5c2c47cfdcba
3306,0,0.18534716851627725,0,7d28bf6a69a6398a187e5c2c47cfdcba
920,0,0.08446212947566278,0,7d28bf6a69a6398a187e5c2c47cfdcba
4517,0,0.17171024909623253,1,7d28bf6a69a6398a187e5c2c47cfdcba
2392,0,0.18981493746863362,1,7d28bf6a69a6398a187e5c2c47cfdcba
2354,0,0.08008242415563722,0,7d28bf6a69a6398a187e5c2c47cfdcba
4977,0,0.1471896541159952,1,7d28bf6a69a6398a187e5c2c47cfdcba
922,0,0.31723755627603095,0,7d28bf6a69a6398a187e5c2c47cfdcba
4786,0,0.15189391108726052,0,7d28bf6a69a6398a187e5c2c47cfdcba
1402,0,0.21576287173213152,0,7d28bf6a69a6398a187e5c2c47cfdcba
4858,0,0.10536254498454653,0,7d28bf6a69a6398a187e5c2c47cfdcba
4263,0,0.06946605747654336,0,7d28bf6a69a6398a187e5c2c47cfdcba
2469,0,0.15127917154731316,0,7d28bf6a69a6398a187e5c2c47cfdcba
2273,0,0.32798472215284463,0,7d28bf6a69a6398a187e5c2c47cfdcba
4108,1,0.5066826249943911,1,7d28bf6a69a6398a187e5c2c47cfdcba
1546,0,0.30509748006171805,0,7d28bf6a69a6398a187e5c2c47cfdcba
617,0,0.04283429699140424,0,7d28bf6a69a6398a187e5c2c47cfdcba
1092,0,0.32215294946656975,0,7d28bf6a69a6398a187e5c2c47cfdcba
4186,0,0.06678747607089476,0,7d28bf6a69a6398a187e5c2c47cfdcba
612,0,0.18910870839425442,1,7d28bf6a69a6398a187e5c2c47cfdcba
885,1,0.6410419566026522,0,7d28bf6a69a6398a187e5c2c47cfdcba
3444,0,0.32569431977619934,0,7d28bf6a69a6398a187e5c2c47cfdcba
777,0,0.3198486361792375,1,7d28bf6a69a6398a187e5c2c47cfdcba
1638,0,0.19992137409856428,1,7d28bf6a69a6398a187e5c2c47cfdcba
3252,0,0.11849769066167504,0,7d28bf6a69a6398a187e5c2c47cfdcba
4714,0,0.2868754931586998,0,7d28bf6a69a6398a187e5c2c47cfdcba
4880,1,0.5782791039533851,0,7d28bf6a69a6398a187e5c2c47cfdcba
28,0,0.08654007986423443,0,7d28bf6a69a6398a187e5c2c47cfdcba
3280,0,0.39371008583406236,0,7d28bf6a69a6398a187e5c2c47cfdcba
3604,0,0.17453613556949066,0,7d28bf6a69a6398a187e5c2c47cfdcba
3393,1,0.6809089692967155,1,7d28bf6a69a6398a187e5c2c47cfdcba
74,0,0.2833073639331809,0,7d28bf6a69a6398a187e5c2c47cfdcba
4078,0,0.14158618623936817,0,7d28bf6a69a6398a187e5c2c47cfdcba
3505,0,0.1759319705675589,0,7d28bf6a69a6398a187e5c2c47cfdcba
3143,0,0.39227569436022003,0,7d28bf6a69a6398a187e5c2c47cfdcba
2609,0,0.15169434814837812,0,7d28bf6a69a6398a187e5c2c47cfdcba
2227,1,0.551310657391994,1,7d28bf6a69a6398a187e5c2c47cfdcba
2002,0,0.32137626370240696,0,7d28bf6a69a6398a187e5c2c47cfdcba
1584,0,0.08220542262894702,0,7d28bf6a69a6398a187e5c2c47cfdcba
1517,1,0.6720821735860969,0,7d28bf6a69a6398a187e5c2c47cfdcba
4212,0,0.3269964751882718,0,7d28bf6a69a6398a187e5c2c47cfdcba
3148,0,0.07038245509820909,1,7d28bf6a69a6398a187e5c2c47cfdcba
1072,0,0.0921783442449482,0,7d28bf6a69a6398a187e5c2c47cfdcba
2691,0,0.05383803914699012,0,7d28bf6a69a6398a187e5c2c47cfdcba
1799,0,0.40728103202574967,1,7d28bf6a69a6398a187e5c2c47cfdcba
2820,0,0.2637092514596486,0,7d28bf6a69a6398a187e5c2c47cfdcba
4242,0,0.19478981871591655,0,7d28bf6a69a6398a187e5c2c47cfdcba
2633,1,0.6196594103133694,1,7d28bf6a69a6398a187e5c2c47cfdcba
3958,1,0.5719680048926274,1,7d28bf6a69a6398a187e5c2c47cfdcba
3404,0,0.2168176821216871,0,7d28bf6a69a6398a187e5c2c47cfdcba
4764,0,0.48056173596878116,0,7d28bf6a69a6398a187e5c2c47cfdcba
3246,0,0.22302714531280504,0,7d28bf6a69a6398a187e5c2c47cfdcba
2684,0,0.10730546868022611,0,7d28bf6a69a6398a187e5c2c47cfdcba
115,0,0.05423859002682615,0,7d28bf6a69a6398a187e5c2c47cfdcba
4384,0,0.0768368265462577,0,7d28bf6a69a6398a187e5c2c47cfdcba
4862,0,0.16633919639966013,0,7d28bf6a69a6398a187e5c2c47cfdcba
4578,0,0.28486940268648475,0,7d28bf6a69a6398a187e5c2c47cfdcba
3702,0,0.21897412936714436,0,7d28bf6a69a6398a187e5c2c47cfdcba
3596,0,0.2526355635604426,1,7d28bf6a69a6398a187e5c2c47cfdcba
337,1,0.747707702426602,0,7d28bf6a69a6398a187e5c2c47cfdcba
2687,0,0.3120635312715858,0,7d28bf6a69a6398a187e5c2c47cfdcba
4142,0,0.10065817816444407,1,7d28bf6a69a6398a187e5c2c47cfdcba
1973,0,0.34519057275437826,0,7d28bf6a69a6398a187e5c2c47cfdcba
753,0,0.1805166463238311,0,7d28bf6a69a6398a187e5c2c47cfdcba
1938,0,0.1332497891878052,0,7d28bf6a69a6398a187e5c2c47cfdcba
673,0,0.3655671069672315,1,7d28bf6a69a6398a187e5c2c47cfdcba
2712,0,0.2115721875602321,0,7d28bf6a69a6398a187e5c2c47cfdcba
3511,1,0.505806321370069,0,7d28bf6a69a6398a187e5c2c47cfdcba
